{
    "rmse": 1082.0804249158787,
    "mae": 755.6539269309075,
    "r2": 0.5711638997366064
}