{
    "rmse": 1021.1092177105533,
    "mae": 724.6013368592534,
    "r2": 0.6474053183276994
}